"課金計上年月","ジャーナル連番","利用者番号","支払責任者番号","プロジェクトコード","ホストID","クラスID","キュー名","投入日時","開始日時","終了日時","経過時間","使用ノード数","ユーザCPU時間","最大メモリサイズ","ベクトル時間","ベクトル演算率","ノード時間（使用量）","要求VEノード総数","確保VEノード総数","VEのCPU消費時間"
"202404","28225","a1","z111","pj1","FR","SESSION","","20240402184052","","","","","","","","","0","","",""
"202404","30649","a2","z111","pj1","LX","LX","lx_hour","20240411222602","20240411222624","20240411222624","0","1","1","17","0","0.0","0","0","0","0"
"202404","30651","a2","z111","pj1","LX","LX","lx_hour","20240411223153","20240411223209","20240411223215","5","1","23","504","0","0.0","5","0","0","0"
"202404","30653","a2","z111","pj1","LX","LX","lx_hour","20240411223620","20240411224439","20240411224439","0","1","1","17","0","0.0","0","0","0","0"
"202404","30654","a2","z111","pj1","LX","LX","lx_hour","20240411230800","20240411230824","20240411230824","0","1","1","17","0","0.0","0","0","0","0"
"202404","30655","a2","z111","pj1","LX","LX","lx_hour","20240411230858","20240411230924","20240411230924","0","1","1","17","0","0.0","0","0","0","0"
"202404","30657","a2","z111","pj1","LX","LX","lx_hour","20240411231125","20240411231154","20240411231154","0","1","1","35","0","0.0","0","0","0","0"
"202404","30658","a2","z111","pj1","LX","LX","lx_hour","20240411231928","20240411231954","20240411231954","0","1","2","47","0","0.0","0","0","0","0"
"202404","30662","a2","z111","pj1","LX","LX","lx_hour","20240411235149","20240411235209","20240411235215","6","1","15","390","0","0.0","6","0","0","0"
"202404","30678","a3","z111","pj2","FR","SESSION","","20240411142615","","","","","","","","","0","","",""
"202404","30679","a2","z111","pj1","FR","SESSION","","20240411210750","","","","","","","","","0","","",""
"202404","30703","a2","z111","pj1","LX","AP","","","20240412033001","20240413015953","59","1","","0","","","1","","",""
"202404","30704","a2","z111","pj1","LX","AP","","","20240412033001","20240413015953","29","1","","0","","","75","","",""
"202404","30950","a2","z111","pj1","LX","LX","lx_hour","20240412230857","20240412230924","20240412230924","0","1","1","17","0","0.0","0","0","0","0"
"202404","30955","a2","z111","pj1","LX","LX","lx_hour","20240412234248","20240412234309","20240412234311","2","1","1","51","0","0.0","2","0","0","0"
"202404","30956","a2","z111","pj1","LX","LX","lx_hour","20240412234531","20240412234554","20240412234555","1","1","1","51","0","0.0","1","0","0","0"
"202404","30958","a2","z111","pj1","LX","LX","lx_hour","20240412235012","20240412235039","20240412235040","1","1","1","51","0","0.0","1","0","0","0"
"202404","30959","a2","z111","pj1","LX","LX","lx_hour","20240412235248","20240412235309","20240412235310","1","1","1","52","0","0.0","1","0","0","0"
"202404","30960","a2","z111","pj1","LX","LX","lx_hour","20240412235451","20240412235509","20240412235511","1","1","1","51","0","0.0","1","0","0","0"
"202404","30961","a2","z111","pj1","LX","LX","lx_hour","20240412235628","20240412235654","20240412235654","0","1","1","50","0","0.0","0","0","0","0"
"202404","30963","a2","z111","pj1","LX","LX","lx_hour","20240412235707","20240412235724","20240412235724","0","1","1","22","0","0.0","0","0","0","0"
"202404","30985","a3","z111","pj2","FR","SESSION","","20240412133511","","","","","","","","","0","","",""
"202404","30986","a2","z111","pj1","FR","SESSION","","20240412230544","","","","","","","","","0","","",""
"202404","30987","a4","z111","pj1","FR","SESSION","","20240412162014","","","","","","","","","0","","",""
"202404","31005","a2","z111","pj1","LX","AP","","","20240413033002","20240414022923","395","1","","0","","","1","","",""
"202404","31006","a2","z111","pj1","LX","AP","","","20240413033002","20240414022923","197","1","","0","","","1689","","",""
"202404","31017","a2","z111","pj1","LX","LX","lx_hour","20240412235845","20240412235909","20240412235940","31","1","92","1649","0","0.0","31","0","0","0"
"202404","31345","a2","z111","pj1","FR","SESSION","","20240413000000","","","","","","","","","0","","",""
"202404","31356","a3","z111","pj2","FR","AP","","","20240414033001","20240415033001","3","1","","0","","","0","","",""
"202404","31357","a2","z111","pj1","FR","AP","","","20240414033001","20240415033001","2","1","","0","","","0","","",""
"202404","31359","a2","z111","pj1","LX","LX","lx_hour","20240414001247","20240414001309","20240414001638","209","1","1708","922","0","0.0","209","0","0","0"
"202404","31361","a2","z111","pj1","LX","LX","lx_hour","20240414002140","20240414002209","20240414002211","2","1","19","51","0","0.0","2","0","0","0"
"202404","31362","a2","z111","pj1","LX","LX","lx_hour","20240414002328","20240414002354","20240414002356","2","1","2","220","0","0.0","2","0","0","0"
"202404","31363","a2","z111","pj1","LX","LX","lx_hour","20240414002853","20240414002909","20240414002920","11","1","27","359","0","0.0","11","0","0","0"
"202404","31459","a2","z111","pj1","LX","LX","lx_hour","20240414170639","19700101090000","19700101090000","0","1","0","0","0","0.0","0","0","0","0"
"202404","31463","a2","z111","pj1","LX","LX","lx_hour","20240414171218","20240414172924","20240414172925","1","1","1","22","0","0.0","1","0","0","0"
"202404","31466","a2","z111","pj1","LX","LX","lx_hour","20240414175828","20240414175854","20240414175854","0","1","1","20","0","0.0","0","0","0","0"
"202404","31467","a2","z111","pj1","LX","LX","lx_hour","20240414180129","20240414180154","20240414180155","0","1","1","21","0","0.0","0","0","0","0"
"202404","31468","a2","z111","pj1","LX","LX","lx_hour","20240414180309","20240414180339","20240414180339","0","1","1","22","0","0.0","0","0","0","0"
"202404","31469","a2","z111","pj1","LX","LX","lx_hour","20240414180625","20240414180654","20240414180654","0","1","1","21","0","0.0","0","0","0","0"
"202404","31470","a2","z111","pj1","LX","LX","lx_hour","20240414180848","20240414180909","20240414180909","0","1","1","21","0","0.0","0","0","0","0"
"202404","31471","a2","z111","pj1","LX","LX","lx_hour","20240414180955","20240414181024","20240414181025","1","1","1","22","0","0.0","1","0","0","0"
"202404","31473","a2","z111","pj1","LX","LX","lx_hour","20240414182607","20240414182624","20240414182625","0","1","1","22","0","0.0","0","0","0","0"
"202404","31520","a3","z111","pj2","FR","SESSION","","20240414163315","","","","","","","","","0","","",""
"202404","31521","a2","z111","pj1","FR","SESSION","","20240414001229","","","","","","","","","0","","",""
"202404","32641","a2","z111","pj1","LX","AP","","","20240417033003","20240418033002","4854","1","","0","","","0","","",""
"202404","32642","a2","z111","pj1","LX","AP","","","20240417033003","20240418033002","4853","1","","0","","","18898","","",""
"202404","32647","a2","z111","pj1","LX","AP","","","20240417033001","20240418033002","4032","1","","0","","","1","","",""
"202404","32648","a2","z111","pj1","LX","AP","","","20240417033001","20240418033002","2031","1","","0","","","17794","","",""
"202404","32652","a2","z111","pj1","LX","AP","","","20240417033003","20240418033002","77","1","","0","","","1","","",""
"202404","32653","a2","z111","pj1","LX","AP","","","20240417033003","20240418033002","38","1","","0","","","307","","",""
"202404","32805","a2","z111","pj1","LX","LX","lx_hour","20240417135704","20240417135724","20240417135724","0","1","1","21","0","0.0","0","0","0","0"
"202404","32808","a2","z111","pj1","LX","LX","lx_hour","20240417140600","20240417140624","20240417140704","38","1","307","819","0","0.0","38","0","0","0"
"202404","32830","a2","z111","pj1","LX","LX","lx_hour","20240417143957","20240417144024","20240417144025","1","1","1","20","0","0.0","1","0","0","0"
"202404","32835","a2","z111","pj1","LX","LX","lx_hour","20240417144308","20240417144324","20240417144324","0","1","1","21","0","0.0","0","0","0","0"
"202404","32841","a2","z111","pj1","LX","LX","lx_hour","20240417145104","20240417145124","20240417145159","35","1","304","709","0","0.0","35","0","0","0"
"202404","32846","a2","z111","pj1","LX","LX","lx_hour","20240417145238","20240417145254","20240417145331","37","1","305","768","0","0.0","37","0","0","0"
"202404","32914","a2","z111","pj1","LX","LX","lx_day","20240417153937","20240417163754","20240417163759","4","1","1","22","0","0.0","4","0","0","0"
"202404","32923","a2","z111","pj1","LX","LX","lx_day","20240417165127","20240417165154","20240417165155","1","1","1","23","0","0.0","1","0","0","0"
"202404","32925","a2","z111","pj1","LX","LX","lx_day","20240417165532","19700101090000","19700101090000","0","1","0","0","0","0.0","0","0","0","0"
"202404","32926","a2","z111","pj1","LX","LX","lx_day","20240417165513","20240417165539","20240417165540","0","1","1","22","0","0.0","0","0","0","0"
"202404","32928","a2","z111","pj1","LX","LX","lx_day","20240417165831","20240417165854","20240417165855","0","1","1","21","0","0.0","0","0","0","0"
"202404","32935","a2","z111","pj1","LX","LX","lx_day","20240417170302","20240417170324","20240417171104","460","1","18953","7372","0","0.0","460","0","0","0"
"202404","32960","a2","z111","pj1","LX","LX","lx_day","20240417180129","19700101090000","19700101090000","0","1","0","0","0","0.0","0","0","0","0"
"202404","32962","a2","z111","pj1","LX","LX","lx_hour","20240417181542","20240417181609","20240417181824","135","1","13039","48264","0","0.0","135","0","0","0"
"202404","32964","a2","z111","pj1","LX","LX","lx_hour","20240417181950","20240417182009","20240417182455","285","1","27133","9142","0","0.0","285","0","0","0"
"202404","32967","a2","z111","pj1","LX","LX","lx_hour","20240417183313","19700101090000","19700101090000","0","1","0","0","0","0.0","0","0","0","0"
"202404","32981","a2","z111","pj1","LX","LX","lx_hour","20240417184524","20240417192154","20240417192507","192","1","17491","7854","0","0.0","192","0","0","0"
"202404","32985","a2","z111","pj1","LX","LX","lx_hour","20240417193653","20240417194324","20240417194813","289","1","27287","9625","0","0.0","289","0","0","0"
"202404","33007","a2","z111","pj1","LX","LX","lx_hour","20240417211444","20240417211509","20240417211512","1","1","1","42","0","0.0","1","0","0","0"
"202404","33008","a2","z111","pj1","LX","LX","lx_hour","20240417211945","20240417212009","20240417212009","0","1","1","22","0","0.0","0","0","0","0"
"202404","33011","a2","z111","pj1","LX","LX","lx_hour","20240417212425","20240417212454","20240417212504","10","1","1","23","0","0.0","10","0","0","0"
"202404","33018","a2","z111","pj1","LX","LX","lx_hour","20240417215337","20240417215354","20240417215355","0","1","1","21","0","0.0","0","0","0","0"
"202404","33019","a2","z111","pj1","LX","LX","lx_hour","20240417212609","19700101090000","19700101090000","0","1","0","0","0","0.0","0","0","0","0"
"202404","33020","a2","z111","pj1","LX","LX","lx_hour","20240417215446","20240417215509","20240417215509","0","1","1","22","0","0.0","0","0","0","0"
"202404","33021","a2","z111","pj1","LX","LX","lx_hour","20240417215559","20240417215624","20240417215624","0","1","1","22","0","0.0","0","0","0","0"
"202404","33022","a2","z111","pj1","LX","LX","lx_hour","20240417215737","20240417215754","20240417215754","0","1","1","22","0","0.0","0","0","0","0"
"202404","33023","a2","z111","pj1","LX","LX","lx_hour","20240417215848","20240417215909","20240417215909","0","1","1","22","0","0.0","0","0","0","0"
"202404","33024","a2","z111","pj1","LX","LX","lx_hour","20240417220118","20240417220139","20240417220244","65","1","1","968","0","0.0","65","0","0","0"
"202404","33025","a2","z111","pj1","LX","LX","lx_hour","20240417220411","20240417220439","20240417220544","65","1","1","20","0","0.0","65","0","0","0"
"202404","33029","a2","z111","pj1","LX","LX","lx_hour","20240417221431","20240417221454","20240417221455","0","1","1","22","0","0.0","0","0","0","0"
"202404","33030","a2","z111","pj1","LX","LX","lx_hour","20240417221538","20240417221554","20240417221555","0","1","1","21","0","0.0","0","0","0","0"
"202404","33067","a2","z111","pj1","FR","SESSION","","20240417135430","","","","","","","","","0","","",""
"202404","33275","a2","z111","pj1","LX","LX","lx_hour","20240418162549","19700101090000","19700101090000","0","1","0","0","0","0.0","0","0","0","0"
"202404","33300","a2","z111","pj1","LX","LX","lx_hour","20240418162659","20240418175154","20240418175204","10","1","1","36","0","0.0","10","0","0","0"
"202404","33374","a3","z111","pj2","FR","SESSION","","20240418123457","","","","","","","","","0","","",""
"202404","33375","a2","z111","pj1","FR","SESSION","","20240418162506","","","","","","","","","0","","",""
"202404","33376","a4","z111","pj1","FR","SESSION","","20240418160218","","","","","","","","","0","","",""
"202404","33469","a4","z111","pj1","LX","LX","lx_day","20240418170349","20240419060939","20240419060940","1","1","1","17","0","0.0","1","0","0","0"
"202404","33674","a3","z111","pj2","FR","SESSION","","20240419132714","","","","","","","","","0","","",""
"202404","33675","a4","z111","pj1","FR","SESSION","","20240419091559","","","","","","","","","0","","",""
"202404","34420","a4","z111","pj1","LX","LX","lx_hour","20240422151505","20240422170809","20240422170809","0","1","1","20","0","0.0","0","0","0","0"
"202404","34423","a3","z111","pj2","LX","LX","lx_hour","20240422152046","20240422170809","20240422170915","0","1","1","17","0","0.0","0","0","0","0"
"202404","34526","a3","z111","pj2","FR","SESSION","","20240422152010","","","","","","","","","0","","",""
"202404","34527","a4","z111","pj1","FR","SESSION","","20240422151340","","","","","","","","","0","","",""
"202404","34782","a4","z111","pj1","FR","SESSION","","20240423142729","","","","","","","","","0","","",""
"202404","35343","a4","z111","pj1","LX","LX","lx_hour","20240426105238","20240426110024","20240426113029","1805","1","210246","50667","0","0.0","1805","0","0","0"
"202404","35390","a5","z111","pj1","LX","LX","lx_hour","20240426160920","20240426160939","20240426161019","40","1","4732","9831","0","0.0","40","0","0","0"
"202404","35392","a5","z111","pj1","LX","LX","lx_hour","20240426161125","20240426161154","20240426161727","333","1","41423","21066","0","0.0","333","0","0","0"
"202404","35394","a5","z111","pj1","LX","LX","lx_hour","20240426161818","20240426161839","20240426162532","413","1","51604","2872","0","0.0","413","0","0","0"
"202404","35396","a5","z111","pj1","LX","LX","lx_hour","20240426162716","20240426162739","20240426162748","8","1","826","392","0","0.0","8","0","0","0"
"202404","35398","a5","z111","pj1","LX","LX","lx_hour","20240426162915","20240426162939","20240426162959","20","1","2119","629","0","0.0","20","0","0","0"
"202404","35496","a4","z111","pj1","FR","SESSION","","20240426105029","","","","","","","","","0","","",""
"202404","35497","a5","z111","pj1","FR","SESSION","","20240426155118","","","","","","","","","0","","",""
"202404","35515","a4","z111","pj1","LX","AP","","","20240427033003","20240428033001","1881913","1","","0","","","0","","",""
"202404","35516","a4","z111","pj1","LX","AP","","","20240427033003","20240428033001","18417","1","","0","","","70678","","",""
"202404","35517","a4","z111","pj1","LX","AP","","","20240427033003","20240428033001","30","1","","0","","","26","","",""
"202404","35518","a4","z111","pj1","LX","AP","","","20240427033003","20240428033001","17061","1","","0","","","67748","","",""
"202404","35519","a4","z111","pj1","LX","AP","","","20240427033003","20240428033001","1846310","1","","0","","","7199822","","",""
"202404","35639","a5","z111","pj1","LX","LX","lx1","20240426163439","20240427083024","20240427224959","51574","1","6557570","8888","0","0.0","51574","0","0","0"
"202404","35660","a4","z111","pj1","LX","AP","","","20240428033002","20240429033000","14885","1","","0","","","0","","",""
"202404","35661","a4","z111","pj1","LX","AP","","","20240428033002","20240429033000","7719","1","","0","","","30490","","",""
"202404","35662","a4","z111","pj1","LX","AP","","","20240428033002","20240429033000","7166","1","","0","","","28287","","",""
"202404","35855","a4","z111","pj1","LX","LX","lx1","20240426163514","20240427065624","20240429065629","172805","1","20984688","65930","0","0.0","172805","0","0","0"
"202404","36089","a4","z111","pj1","LX","LX","lx_day","20240430111716","20240430122924","20240430134618","4613","1","543678","51938","0","0.0","4613","0","0","0"
"202404","36496","a4","z111","pj1","FR","SESSION","","20240430111602","","","","","","","","","0","","",""
"202404","36497","a5","z111","pj1","FR","SESSION","","20240430145312","","","","","","","","","0","","",""
"202405","30","a4","z111","pj1","LX","AP","","","20240501033003","20240502033000","48388","1","","0","","","0","","",""
"202405","31","a4","z111","pj1","LX","AP","","","20240501033003","20240502033000","48387","1","","0","","","190701","","",""
"202405","53","a4","z111","pj1","LX","LX","lx_day","20240430135258","20240430141524","20240501021529","43205","1","5201295","37222","0","0.0","43205","0","0","0"
"202405","356","a4","z111","pj1","FR","SESSION","","20240501102022","","","","","","","","","0","","",""
"202405","357","a5","z111","pj1","FR","SESSION","","20240501151718","","","","","","","","","0","","",""
"202405","402","a4","z111","pj1","LX","AP","","","20240502033001","20240503033001","1961282","1","","0","","","0","","",""
"202405","403","a4","z111","pj1","LX","AP","","","20240502033001","20240503033001","58512","1","","0","","","231414","","",""
"202405","404","a4","z111","pj1","LX","AP","","","20240502033001","20240503033001","2","1","","0","","","2","","",""
"202405","405","a4","z111","pj1","LX","AP","","","20240502033001","20240503033001","1902673","1","","0","","","7478170","","",""
"202405","484","a6","z111","pj1","LX","LX","lx_hour","20240502170250","19700101090000","19700101090000","0","1","0","0","0","0.0","0","0","0","0"
"202405","485","a6","z111","pj1","LX","LX","lx_hour","20240502170745","19700101090000","19700101090000","0","1","0","0","0","0.0","0","0","0","0"
"202405","486","a6","z111","pj1","LX","LX","lx_hour","20240502170844","19700101090000","19700101090000","0","1","0","0","0","0.0","0","0","0","0"
"202405","487","a6","z111","pj1","LX","LX","lx1","20240502170927","19700101090000","19700101090000","0","1","0","0","0","0.0","0","0","0","0"
"202405","505","a6","z111","pj1","LX","LX","lx1","20240502170931","20240502192609","20240502192610","0","1","1","19","0","0.0","0","0","0","0"
"202405","544","a4","z111","pj1","FR","SESSION","","20240502103455","","","","","","","","","0","","",""
"202405","545","a6","z111","pj1","FR","SESSION","","20240502145143","","","","","","","","","0","","",""
"202405","560","a4","z111","pj1","LX","AP","","","20240503033002","20240504033001","2258252","1","","0","","","0","","",""
"202405","561","a4","z111","pj1","LX","AP","","","20240503033002","20240504033001","26662","1","","0","","","105208","","",""
"202405","562","a4","z111","pj1","LX","AP","","","20240503033002","20240504033001","5","1","","0","","","7","","",""
"202405","563","a4","z111","pj1","LX","AP","","","20240503033002","20240504033001","23","1","","0","","","18","","",""
"202405","564","a4","z111","pj1","LX","AP","","","20240503033002","20240504033001","4532","1","","0","","","17956","","",""
"202405","565","a4","z111","pj1","LX","AP","","","20240503033002","20240504033001","2226991","1","","0","","","8784373","","",""
"202405","634","a6","z111","pj1","LX","LX","lx1","20240502170924","20240503083454","20240503083505","9","1","1","48","0","0.0","9","0","0","0"
"202405","637","a6","z111","pj1","LX","LX","lx1","20240502170937","20240503084039","20240503084040","0","1","1","20","0","0.0","0","0","0","0"
"202405","645","a6","z111","pj1","LX","LX","lx1","20240502170928","20240503094654","20240503094655","0","1","1","20","0","0.0","0","0","0","0"
"202405","648","a6","z111","pj1","LX","LX","lx1","20240502170940","20240503110839","20240503110840","0","1","1","20","0","0.0","0","0","0","0"
"202405","925","a4","z111","pj1","LX","AP","","","20240505033002","20240506033000","26602","1","","0","","","0","","",""
"202405","926","a4","z111","pj1","LX","AP","","","20240505033002","20240506033000","1","1","","0","","","1","","",""
"202405","927","a4","z111","pj1","LX","AP","","","20240505033002","20240506033000","26600","1","","0","","","103548","","",""
"202405","1153","a4","z111","pj1","LX","LX","lx1","20240501103709","20240501161939","20240506161944","432005","1","52765655","69025","0","0.0","432005","0","0","0"
"202405","1250","a1","z111","pj1","DI","DISK","","","20240507140635","20240507140635","0","1","","0","","","35","","",""
"202405","1447","a6","z111","pj1","LX","LX","lx1","20240507134950","20240507200409","20240507200413","4","1","1","54","0","0.0","4","0","0","0"
"202405","1448","a6","z111","pj1","LX","LX","lx1","20240507134957","20240507200409","20240507200413","4","1","1","53","0","0.0","4","0","0","0"
"202405","1449","a6","z111","pj1","LX","LX","lx1","20240507135002","20240507200409","20240507200413","4","1","1","46","0","0.0","4","0","0","0"
"202405","1543","a5","z111","pj1","FR","SESSION","","20240507143758","","","","","","","","","0","","",""
"202405","1544","a6","z111","pj1","FR","SESSION","","20240507133754","","","","","","","","","0","","",""
"202405","1580","a4","z111","pj1","LX","AP","","","20240508050209","20240509033000","763424","1","","0","","","0","","",""
"202405","1581","a4","z111","pj1","LX","AP","","","20240508050209","20240509033000","36159","1","","0","","","141768","","",""
"202405","1582","a4","z111","pj1","LX","AP","","","20240508050209","20240509033000","1","1","","0","","","1","","",""
"202405","1583","a4","z111","pj1","LX","AP","","","20240508050209","20240509033000","8","1","","0","","","6","","",""
"202405","1584","a4","z111","pj1","LX","AP","","","20240508050209","20240509033000","5871","1","","0","","","23281","","",""
"202405","1585","a4","z111","pj1","LX","AP","","","20240508050209","20240509033000","721364","1","","0","","","2834379","","",""
"202405","1621","a6","z111","pj1","LX","LX","lx1","20240507134829","20240508030154","20240508030202","8","1","1","51","0","0.0","8","0","0","0"
"202405","1622","a6","z111","pj1","LX","LX","lx1","20240507134944","20240508030154","20240508030202","8","1","1","50","0","0.0","8","0","0","0"
"202405","1904","a4","z111","pj1","FR","SESSION","","20240508105021","","","","","","","","","0","","",""
"202405","1905","a5","z111","pj1","FR","SESSION","","20240508124447","","","","","","","","","0","","",""
"202405","1906","a6","z111","pj1","FR","SESSION","","20240508171708","","","","","","","","","0","","",""
"202405","1975","a2","z111","pj1","LX","AP","","","20240509080109","20240510033000","19277","1","","0","","","0","","",""
"202405","1976","a2","z111","pj1","LX","AP","","","20240509080109","20240510033000","19275","1","","0","","","72822","","",""
"202405","1992","a4","z111","pj1","LX","AP","","","20240509033001","20240510033000","1913508","1","","0","","","0","","",""
"202405","1993","a4","z111","pj1","LX","AP","","","20240509033001","20240510033000","3639","1","","0","","","14342","","",""
"202405","1994","a4","z111","pj1","LX","AP","","","20240509033001","20240510033000","2","1","","0","","","1","","",""
"202405","1995","a4","z111","pj1","LX","AP","","","20240509033001","20240510033000","56","1","","0","","","207","","",""
"202405","1996","a4","z111","pj1","LX","AP","","","20240509033001","20240510033000","1162354","1","","0","","","4612432","","",""
"202405","1997","a4","z111","pj1","LX","AP","","","20240509033001","20240510033000","327478","1","","0","","","1299759","","",""
"202405","1998","a4","z111","pj1","LX","AP","","","20240509033001","20240510033000","419967","1","","0","","","1649582","","",""
"202405","2023","a6","z111","pj1","LX","LX","lx1","20240508175046","20240509040009","20240509040026","16","1","2","446","0","0.0","16","0","0","0"
"202405","2039","a6","z111","pj1","LX","LX","lx1","20240508175052","20240509072354","20240509072403","9","1","2","431","0","0.0","9","0","0","0"
"202405","2046","a6","z111","pj1","LX","LX","lx1","20240508175057","20240509090524","20240509090529","5","1","2","57","0","0.0","5","0","0","0"
"202405","2060","a4","z111","pj1","LX","LX","lx_day","20240508105143","20240508105209","20240509105214","86405","1","10572652","46131","0","0.0","86405","0","0","0"
"202405","2061","a6","z111","pj1","LX","LX","lx1","20240508175040","20240509105224","20240509105236","10","1","2","342","0","0.0","10","0","0","0"
"202405","2065","a5","z111","pj1","LX","LX","lx1","20240508131615","20240509081139","20240509110422","10363","1","1319585","2517","0","0.0","10363","0","0","0"
"202405","2072","a6","z111","pj1","LX","LX","lx1","20240508175104","20240509123154","20240509123204","10","1","2","303","0","0.0","10","0","0","0"
"202405","2084","a2","z111","pj1","LX","LX","lx_day","20240509113918","20240509134739","20240509134801","21","1","180","8123","0","0.0","21","0","0","0"
"202405","2255","a2","z111","pj1","FR","SESSION","","20240509100534","","","","","","","","","0","","",""
"202405","2256","a4","z111","pj1","FR","SESSION","","20240509095328","","","","","","","","","0","","",""
"202405","2257","a5","z111","pj1","FR","SESSION","","20240509131822","","","","","","","","","0","","",""
"202405","2334","a6","z111","pj1","LX","AP","","","20240510033003","20240511033000","86774","1","","0","","","0","","",""
"202405","2335","a6","z111","pj1","LX","AP","","","20240510033003","20240511033000","380","1","","0","","","333","","",""
"202405","2336","a6","z111","pj1","LX","AP","","","20240510033003","20240511033000","2583","1","","0","","","8062","","",""
"202405","2337","a6","z111","pj1","LX","AP","","","20240510033003","20240511033000","531","1","","0","","","1492","","",""
"202405","2338","a6","z111","pj1","LX","AP","","","20240510033003","20240511033000","83232","1","","0","","","229655","","",""
"202405","2432","a5","z111","pj1","LX","LX","lx_day","20240509134219","20240509135739","20240510064116","60216","1","7674834","8930","0","0.0","60216","0","0","0"
"202405","2503","a6","z111","pj1","LX","LX","lx1","20240510121527","20240510121554","20240510133820","4946","1","224653","10330","0","0.0","4946","0","0","0"
"202405","2507","a6","z111","pj1","LX","LX","lx1","20240510121543","20240510123609","20240510135243","4594","1","239918","10299","0","0.0","4594","0","0","0"
"202405","2519","a6","z111","pj1","LX","LX","lx1","20240510121534","20240510123609","20240510140731","5482","1","260670","10859","0","0.0","5482","0","0","0"
"202405","2524","a6","z111","pj1","LX","LX","lx1","20240510121548","20240510123609","20240510141720","6071","1","260942","11256","0","0.0","6071","0","0","0"
"202405","2529","a6","z111","pj1","LX","LX","lx1","20240510121539","20240510123609","20240510143538","7168","1","330530","11390","0","0.0","7168","0","0","0"
"202405","2635","a5","z111","pj1","LX","LX","lx_day","20240510152430","20240510152454","20240510181118","9983","1","1272104","2118","0","0.0","9983","0","0","0"
"202405","2739","a2","z111","pj1","FR","SESSION","","20240510083857","","","","","","","","","0","","",""
"202405","2740","a4","z111","pj1","FR","SESSION","","20240510100102","","","","","","","","","0","","",""
"202405","2741","a5","z111","pj1","FR","SESSION","","20240510145321","","","","","","","","","0","","",""
"202405","2742","a6","z111","pj1","FR","SESSION","","20240510121408","","","","","","","","","0","","",""
"202405","2780","a4","z111","pj1","LX","AP","","","20240511033003","20240512033001","1864290","1","","0","","","0","","",""
"202405","2781","a4","z111","pj1","LX","AP","","","20240511033003","20240512033001","53197","1","","0","","","140898","","",""
"202405","2782","a4","z111","pj1","LX","AP","","","20240511033003","20240512033001","5","1","","0","","","2","","",""
"202405","2783","a4","z111","pj1","LX","AP","","","20240511033003","20240512033001","87","1","","0","","","35","","",""
"202405","2784","a4","z111","pj1","LX","AP","","","20240511033003","20240512033001","1325561","1","","0","","","2893306","","",""
"202405","2797","a2","z111","pj1","LX","LX","lx_day","20240509170850","20240510002609","20240511002610","86401","1","6951452","54005","0","0.0","86401","0","0","0"
"202405","2861","a5","z111","pj1","LX","LX","lx_day","20240510213519","20240510214524","20240511114921","50636","1","6446508","8700","0","0.0","50636","0","0","0"
"202405","2921","a4","z111","pj1","LX","AP","","","20240512033002","20240513033001","2635336","1","","0","","","0","","",""
"202405","2922","a4","z111","pj1","LX","AP","","","20240512033002","20240513033001","198365","1","","0","","","356036","","",""
"202405","2923","a4","z111","pj1","LX","AP","","","20240512033002","20240513033001","9","1","","0","","","3","","",""
"202405","2924","a4","z111","pj1","LX","AP","","","20240512033002","20240513033001","117","1","","0","","","34","","",""
"202405","2925","a4","z111","pj1","LX","AP","","","20240512033002","20240513033001","3534342","1","","0","","","5933076","","",""
"202405","2984","a5","z111","pj1","LX","LX","lx_day","20240512005527","20240512084539","20240512113443","10144","1","1289362","2337","0","0.0","10144","0","0","0"
"202405","3068","a4","z111","pj1","FR","SESSION","","20240512175822","","","","","","","","","0","","",""
"202405","3069","a5","z111","pj1","FR","SESSION","","20240512005004","","","","","","","","","0","","",""
"202405","3104","a5","z111","pj1","LX","LX","lx_day","20240512160014","20240512173009","20240513071800","49671","1","6326753","8938","0","0.0","49671","0","0","0"
"202405","3436","a5","z111","pj1","LX","LX","lx_day","20240513130630","20240513130654","20240513155855","10321","1","1314206","2384","0","0.0","10321","0","0","0"
"202405","3466","a5","z111","pj1","LX","LX","lx_day","20240513161053","20240513161109","20240513170233","3084","1","392479","1148","0","0.0","3084","0","0","0"
"202405","3468","a5","z111","pj1","LX","LX","lx_hour","20240513171154","20240513171224","20240513171236","10","1","942","420","0","0.0","10","0","0","0"
"202405","3469","a5","z111","pj1","LX","LX","lx_hour","20240513171232","19700101090000","19700101090000","0","1","0","0","0","0.0","0","0","0","0"
"202405","3471","a5","z111","pj1","LX","LX","lx_day","20240513172640","20240513172709","20240513172919","130","1","16086","718","0","0.0","130","0","0","0"
"202405","3555","a4","z111","pj1","FR","SESSION","","20240513102723","","","","","","","","","0","","",""
"202405","3556","a5","z111","pj1","FR","SESSION","","20240513125256","","","","","","","","","0","","",""
"202405","3598","a3","z111","pj2","LX","AP","","","20240514132539","20240515021523","777","1","","0","","","0","","",""
"202405","3599","a3","z111","pj2","LX","AP","","","20240514132539","20240515021523","776","1","","0","","","85626","","",""
"202405","3600","a4","z111","pj1","LX","AP","","","20240514132539","20240515021523","16188","1","","0","","","0","","",""
"202405","3601","a4","z111","pj1","LX","AP","","","20240514132539","20240515021523","6045","1","","0","","","23896","","",""
"202405","3602","a4","z111","pj1","LX","AP","","","20240514132539","20240515021523","3470","1","","0","","","13729","","",""
"202405","3603","a4","z111","pj1","LX","AP","","","20240514132539","20240515021523","6670","1","","0","","","24314","","",""
"202405","3607","a6","z111","pj1","LX","AP","","","20240514033003","20240515033001","183974","1","","0","","","0","","",""
"202405","3608","a6","z111","pj1","LX","AP","","","20240514033003","20240515033001","184770","1","","0","","","1087180","","",""
"202405","3627","a4","z111","pj1","LX","LX","lx1","20240510140427","20240511095009","20240514025014","234005","1","29677738","105635","0","0.0","234005","0","0","0"
"202405","3636","a5","z111","pj1","LX","LX","lx_day","20240513173936","20240513173954","20240514072358","49444","1","6297943","8853","0","0.0","49444","0","0","0"
"202405","3691","a4","z111","pj1","LX","LX","lx_hour","20240514160042","20240514165309","20240514170814","905","1","61616","28323","0","0.0","905","0","0","0"
"202405","3694","a3","z111","pj2","LX","LX","lx_day","20240514173513","20240514173539","20240514173540","0","1","1","23","0","0.0","0","0","0","0"
"202405","3700","a3","z111","pj2","LX","LX","lx_day","20240514173947","20240514174009","20240514175507","898","1","86177","7335","0","0.0","898","0","0","0"
"202405","3703","a5","z111","pj1","LX","LX","lx_day","20240514151724","20240514152039","20240514181746","10627","1","1351627","2452","0","0.0","10627","0","0","0"
"202405","3709","a5","z111","pj1","LX","LX","lx_day","20240514185214","20240514185239","20240514185404","85","1","10356","886","0","0.0","85","0","0","0"
"202405","3710","a5","z111","pj1","LX","LX","lx_day","20240514185214","20240514185239","20240514185357","78","1","9636","495","0","0.0","78","0","0","0"
"202405","3711","a5","z111","pj1","LX","LX","lx_day","20240514185214","20240514185424","20240514185430","5","1","337","358","0","0.0","5","0","0","0"
"202405","3713","a5","z111","pj1","LX","LX","lx_day","20240514185201","20240514185224","20240514185742","317","1","38985","971","0","0.0","317","0","0","0"
"202405","3784","a3","z111","pj2","FR","SESSION","","20240514171925","","","","","","","","","0","","",""
"202405","3785","a4","z111","pj1","FR","SESSION","","20240514135841","","","","","","","","","0","","",""
"202405","3786","a5","z111","pj1","FR","SESSION","","20240514151505","","","","","","","","","0","","",""
"202405","3787","a6","z111","pj1","FR","SESSION","","20240514154344","","","","","","","","","0","","",""
"202405","3807","a6","z111","pj1","LX","AP","","","20240515033003","20240516033000","1460027","1","","0","","","0","","",""
"202405","3808","a6","z111","pj1","LX","AP","","","20240515033003","20240516033000","1461068","1","","0","","","8658525","","",""
"202405","3817","a6","z111","pj1","LX","AP","","","20240515033001","20240516033000","41272","1","","0","","","0","","",""
"202405","3818","a6","z111","pj1","LX","AP","","","20240515033001","20240516033000","41217","1","","0","","","244881","","",""
"202405","3821","a3","z111","pj2","LX","AP","","","20240515033003","20240516033003","761","1","","0","","","0","","",""
"202405","3822","a3","z111","pj2","LX","AP","","","20240515033003","20240516033003","761","1","","0","","","85406","","",""
"202405","3835","a6","z111","pj1","LX","AP","","","20240515033003","20240516033001","1363891","1","","0","","","0","","",""
"202405","3836","a6","z111","pj1","LX","AP","","","20240515033003","20240516033001","1365210","1","","0","","","8086133","","",""
"202405","3841","a6","z111","pj1","LX","AP","","","20240515033002","20240516033001","1739639","1","","0","","","0","","",""
"202405","3842","a6","z111","pj1","LX","AP","","","20240515033002","20240516033001","1739605","1","","0","","","10279378","","",""
"202405","3843","a6","z111","pj1","LX","AP","","","20240515033003","20240516033001","1608315","1","","0","","","0","","",""
"202405","3844","a6","z111","pj1","LX","AP","","","20240515033003","20240516033001","1830","1","","0","","","10870","","",""
"202405","3845","a6","z111","pj1","LX","AP","","","20240515033003","20240516033001","1607494","1","","0","","","9515275","","",""
"202405","3911","a3","z111","pj2","LX","LX","lx_day","20240515101012","20240515101039","20240515102346","787","1","85816","7023","0","0.0","787","0","0","0"
"202405","3914","a3","z111","pj2","LX","LX","lx_day","20240515104300","19700101090000","19700101090000","0","1","0","0","0","0.0","0","0","0","0"
"202405","3943","a4","z111","pj1","LX","LX","lx_day","20240515104121","20240515104139","20240515133443","10384","1","117361","28239","0","0.0","10384","0","0","0"
"202405","3947","a3","z111","pj2","LX","LX","lx_day","20240515104345","20240515134554","20240515134624","30","1","18","272","0","0.0","30","0","0","0"
"202405","4022","a5","z111","pj1","LX","LX","lx_day","20240515040802","20240515041054","20240515180129","49835","1","6351877","9095","0","0.0","49835","0","0","0"
"202405","4086","a3","z111","pj2","FR","SESSION","","20240515100807","","","","","","","","","0","","",""
"202405","4087","a4","z111","pj1","FR","SESSION","","20240515104041","","","","","","","","","0","","",""
"202405","4088","a5","z111","pj1","FR","SESSION","","20240515040323","","","","","","","","","0","","",""
"202405","4146","a6","z111","pj1","LX","AP","","","20240516033001","20240517033001","8423","1","","0","","","0","","",""
"202405","4147","a6","z111","pj1","LX","AP","","","20240516033001","20240517033001","8508","1","","0","","","50248","","",""
"202405","4152","a6","z111","pj1","LX","AP","","","20240516033002","20240517033001","67066","1","","0","","","0","","",""
"202405","4153","a6","z111","pj1","LX","AP","","","20240516033002","20240517033001","67081","1","","0","","","398575","","",""
"202405","4157","a6","z111","pj1","LX","AP","","","20240516033002","20240517033002","1652019","1","","0","","","0","","",""
"202405","4158","a6","z111","pj1","LX","AP","","","20240516033002","20240517033002","8213","1","","0","","","48705","","",""
"202405","4159","a6","z111","pj1","LX","AP","","","20240516033002","20240517033002","271923","1","","0","","","1617261","","",""
"202405","4160","a6","z111","pj1","LX","AP","","","20240516033002","20240517033002","25949","1","","0","","","154164","","",""
"202405","4161","a6","z111","pj1","LX","AP","","","20240516033002","20240517033002","1345186","1","","0","","","7959874","","",""
"202405","4176","a3","z111","pj2","LX","LX","lx_day","20240515135302","20240516021109","20240516021615","306","1","29616","5447","0","0.0","306","0","0","0"
"202405","4413","a5","z111","pj1","LX","LX","lx_day","20240516021712","20240516161554","20240516191331","10655","1","1354652","2360","0","0.0","10655","0","0","0"
"202405","4459","a5","z111","pj1","FR","SESSION","","20240516021359","","","","","","","","","0","","",""
"202405","4485","a6","z111","pj1","LX","AP","","","20240517033002","20240518033002","434048","1","","0","","","0","","",""
"202405","4486","a6","z111","pj1","LX","AP","","","20240517033002","20240518033002","2446","1","","0","","","14531","","",""
"202405","4487","a6","z111","pj1","LX","AP","","","20240517033002","20240518033002","306401","1","","0","","","1822916","","",""
"202405","4488","a6","z111","pj1","LX","AP","","","20240517033002","20240518033002","33450","1","","0","","","198974","","",""
"202405","4489","a6","z111","pj1","LX","AP","","","20240517033002","20240518033002","90615","1","","0","","","537802","","",""
"202405","4505","a6","z111","pj1","LX","AP","","","20240517033002","20240517091853","286721","1","","0","","","0","","",""
"202405","4506","a6","z111","pj1","LX","AP","","","20240517033002","20240517091853","161713","1","","0","","","962217","","",""
"202405","4507","a6","z111","pj1","LX","AP","","","20240517033002","20240517091853","20905","1","","0","","","124258","","",""
"202405","4508","a6","z111","pj1","LX","AP","","","20240517033002","20240517091853","103030","1","","0","","","611274","","",""
"202405","4512","a6","z111","pj1","LX","AP","","","20240517033002","20240517092923","241492","1","","0","","","0","","",""
"202405","4513","a6","z111","pj1","LX","AP","","","20240517033002","20240517092923","168965","1","","0","","","1005482","","",""
"202405","4514","a6","z111","pj1","LX","AP","","","20240517033002","20240517092923","38856","1","","0","","","231115","","",""
"202405","4515","a6","z111","pj1","LX","AP","","","20240517033002","20240517092923","32710","1","","0","","","193906","","",""
"202405","4518","a6","z111","pj1","LX","AP","","","20240517033001","20240518033001","62020","1","","0","","","0","","",""
"202405","4519","a6","z111","pj1","LX","AP","","","20240517033001","20240518033001","61627","1","","0","","","362250","","",""
"202405","4525","a6","z111","pj1","LX","LX","lx1","20240514154710","20240515001554","20240517001601","172805","1","21444558","32579","0","0.0","172805","0","0","0"
"202405","4545","a6","z111","pj1","LX","LX","lx1","20240514160746","20240515025454","20240517025459","172805","1","21475841","29955","0","0.0","172805","0","0","0"
"202405","4551","a6","z111","pj1","LX","LX","lx1","20240514160902","20240515034609","20240517034614","172805","1","21494710","29523","0","0.0","172805","0","0","0"
"202405","4558","a6","z111","pj1","LX","LX","lx1","20240514160922","20240515051109","20240517051114","172805","1","21503018","29639","0","0.0","172805","0","0","0"
"202405","4559","a6","z111","pj1","LX","LX","lx1","20240514160934","20240515051109","20240517051114","172805","1","21505186","29232","0","0.0","172805","0","0","0"
"202405","4726","a5","z111","pj1","FR","SESSION","","20240517024628","","","","","","","","","0","","",""
"202405","4727","a6","z111","pj1","FR","SESSION","","20240517202211","","","","","","","","","0","","",""
"202405","4770","a5","z111","pj1","LX","LX","lx_day","20240517024847","20240517102009","20240518010512","53102","1","6769436","8700","0","0.0","53102","0","0","0"
"202405","4792","a6","z111","pj1","LX","LX","lx_day","20240517202322","20240517203554","20240518043559","28805","1","3507004","13847","0","0.0","28805","0","0","0"
"202405","4831","a5","z111","pj1","LX","LX","lx_day","20240518024612","20240518112924","20240518142221","10377","1","1320172","2415","0","0.0","10377","0","0","0"
"202405","4943","a5","z111","pj1","FR","SESSION","","20240518023030","","","","","","","","","0","","",""
"202405","4956","a2","z111","pj1","LX","AP","","","20240519033001","20240520033001","103251","1","","0","","","0","","",""
"202405","4957","a2","z111","pj1","LX","AP","","","20240519033001","20240520033001","1","1","","0","","","1","","",""
"202405","4958","a2","z111","pj1","LX","AP","","","20240519033001","20240520033001","10","1","","0","","","8","","",""
"202405","4959","a2","z111","pj1","LX","AP","","","20240519033001","20240520033001","105577","1","","0","","","242953","","",""
"202405","4981","a2","z111","pj1","LX","LX","lx_hour","20240519034512","20240519034539","20240519034548","8","1","1","67","0","0.0","8","0","0","0"
"202405","4982","a2","z111","pj1","LX","LX","lx_hour","20240519034745","19700101090000","19700101090000","0","1","0","0","0","0.0","0","0","0","0"
"202405","4986","a2","z111","pj1","LX","LX","lx_hour","20240519034711","20240519034739","20240519034826","47","1","448","1840","0","0.0","47","0","0","0"
"202405","4987","a2","z111","pj1","LX","LX","lx_hour","20240519035838","20240519035854","20240519035929","35","1","4","172","0","0.0","35","0","0","0"
"202405","4988","a2","z111","pj1","LX","LX","lx_hour","20240519040619","20240519040639","20240519040659","20","1","3","159","0","0.0","20","0","0","0"
"202405","4989","a2","z111","pj1","LX","LX","lx_hour","20240519043345","20240519043409","20240519043437","28","1","212","1794","0","0.0","28","0","0","0"
"202405","4990","a2","z111","pj1","LX","LX","lx_day","20240519043905","20240519043924","20240519044029","65","1","921","2245","0","0.0","65","0","0","0"
"202405","5016","a5","z111","pj1","LX","LX","lx_day","20240518165654","20240518194624","20240519103436","53292","1","6791370","9045","0","0.0","53292","0","0","0"
"202405","5024","a2","z111","pj1","LX","LX","lx_day","20240519044240","20240519044309","20240519144314","36005","1","2593762","52828","0","0.0","36005","0","0","0"
"202405","5078","a2","z111","pj1","FR","SESSION","","20240519034447","","","","","","","","","0","","",""
"202405","5089","a2","z111","pj1","LX","AP","","","20240520033002","20240521033000","2674038","1","","0","","","1","","",""
"202405","5090","a2","z111","pj1","LX","AP","","","20240520033002","20240521033000","8","1","","0","","","7","","",""
"202405","5091","a2","z111","pj1","LX","AP","","","20240520033002","20240521033000","2741","1","","0","","","5061","","",""
"202405","5092","a2","z111","pj1","LX","AP","","","20240520033002","20240521033000","273","1","","0","","","222","","",""
"202405","5093","a2","z111","pj1","LX","AP","","","20240520033002","20240521033000","7","1","","0","","","6","","",""
"202405","5094","a2","z111","pj1","LX","AP","","","20240520033002","20240521033000","7026","1","","0","","","16098","","",""
"202405","5095","a2","z111","pj1","LX","AP","","","20240520033002","20240521033000","2677499","1","","0","","","6147124","","",""
"202405","5135","a4","z111","pj1","LX","AP","","","20240520033003","20240521033000","46959","1","","0","","","2","","",""
"202405","5136","a4","z111","pj1","LX","AP","","","20240520033003","20240521033000","24633","1","","0","","","16585","","",""
"202405","5315","a4","z111","pj1","LX","LX","lx1","20240520150425","20240520191824","20240520200213","2628","1","17472","235499","0","0.0","2628","0","0","0"
"202405","5353","a2","z111","pj1","FR","SESSION","","20240520225347","","","","","","","","","0","","",""
"202405","5354","a4","z111","pj1","FR","SESSION","","20240520150354","","","","","","","","","0","","",""
"202405","5355","a5","z111","pj1","FR","SESSION","","20240520161440","","","","","","","","","0","","",""
"202405","5393","a2","z111","pj1","LX","AP","","","20240521033001","20240522033000","16216","1","","0","","","0","","",""
"202405","5394","a2","z111","pj1","LX","AP","","","20240521033001","20240522033000","5","1","","0","","","5","","",""
"202405","5395","a2","z111","pj1","LX","AP","","","20240521033001","20240522033000","15751","1","","0","","","35120","","",""
"202405","5410","a4","z111","pj1","LX","AP","","","20240521033003","20240522033002","24898","1","","0","","","0","","",""
"202405","5411","a4","z111","pj1","LX","AP","","","20240521033003","20240522033002","8","1","","0","","","5","","",""
"202405","5412","a4","z111","pj1","LX","AP","","","20240521033003","20240522033002","45454","1","","0","","","144853","","",""
"202405","5449","a5","z111","pj1","LX","LX","lx_day","20240520161719","20240520220924","20240521013339","12254","1","1558653","2437","0","0.0","12254","0","0","0"
"202405","5578","a5","z111","pj1","LX","LX","lx_day","20240521030120","20240521040324","20240521172851","48327","1","6161026","8961","0","0.0","48327","0","0","0"
"202405","5662","a4","z111","pj1","FR","SESSION","","20240521100934","","","","","","","","","0","","",""
"202405","5663","a5","z111","pj1","FR","SESSION","","20240521025917","","","","","","","","","0","","",""
"202405","5694","a2","z111","pj1","LX","AP","","","20240522033001","20240523033000","2683741","1","","0","","","0","","",""
"202405","5695","a2","z111","pj1","LX","AP","","","20240522033001","20240523033000","7","1","","0","","","6","","",""
"202405","5696","a2","z111","pj1","LX","AP","","","20240522033001","20240523033000","2","1","","0","","","1","","",""
"202405","5697","a2","z111","pj1","LX","AP","","","20240522033001","20240523033000","256","1","","0","","","229","","",""
"202405","5698","a2","z111","pj1","LX","AP","","","20240522033001","20240523033000","4052","1","","0","","","8110","","",""
"202405","5699","a2","z111","pj1","LX","AP","","","20240522033001","20240523033000","2678870","1","","0","","","5146495","","",""
"202405","5726","a4","z111","pj1","LX","AP","","","20240522033003","20240523033002","2790774","1","","0","","","0","","",""
"202405","5727","a4","z111","pj1","LX","AP","","","20240522033003","20240523033002","96201","1","","0","","","213581","","",""
"202405","5728","a4","z111","pj1","LX","AP","","","20240522033003","20240523033002","129","1","","0","","","52","","",""
"202405","5729","a4","z111","pj1","LX","AP","","","20240522033003","20240523033002","1269","1","","0","","","1535","","",""
"202405","5730","a4","z111","pj1","LX","AP","","","20240522033003","20240523033002","3561751","1","","0","","","8576216","","",""
"202405","5757","a5","z111","pj1","LX","LX","lx_day","20240521190735","20240522005624","20240522033941","9796","1","1247285","2451","0","0.0","9796","0","0","0"
"202405","5936","a3","z111","pj2","FR","SESSION","","20240522160046","","","","","","","","","0","","",""
